borrower_demographics,loan_amount,income,credit_score,repayment_history,economic_indicators,loan_default
56,10287,33669,567,0.0,0.1798310795379064,1
46,39387,57380,334,0.5,0.4874139269048432,0
32,13512,68320,793,0.0,-0.21645222277144752,0
60,6342,67414,768,1.0,-0.6302864440651417,0
25,48336,35577,624,1.0,-2.185296847334906,0
38,24216,75409,603,1.0,1.1438367264203908,0
56,32534,48625,575,0.0,0.4033003902452816,0
36,19231,44089,500,0.5,0.4276172815847823,0
40,37293,56487,744,1.0,-1.5613523357772998,0
28,31614,85838,623,1.0,1.3798386997400571,0
28,41258,70138,334,0.0,-0.4652168666180802,0
41,33253,62823,781,0.5,-0.28879530269948617,0
53,47078,57208,779,0.0,-1.0692868554188253,0
57,45752,74061,364,1.0,-1.7869457313398482,0
41,22988,50659,307,0.5,1.157346311723567,0
20,36037,51890,600,0.5,1.2865973693976245,0
39,17219,99134,642,1.0,-0.16552815135332738,0
19,5235,67055,730,0.5,-0.6793845698063502,0
41,47929,39508,723,0.5,-0.3770441691342582,0
61,6908,62287,631,0.0,-0.3496149900355497,0
47,13567,98916,737,1.0,-1.1998597221795984,0
55,41298,46984,473,1.0,-0.29225521544384025,0
19,10256,28125,826,1.0,0.15310199293432541,0
38,24019,56059,325,1.0,1.018157247648752,0
50,13162,89569,705,1.0,0.01424416401371203,0
29,10415,37087,531,0.5,-1.5763517088994359,0
39,41159,25704,832,0.0,0.3535478631986765,0
61,48925,80576,849,1.0,-0.25593056166975336,0
42,10951,93384,804,0.0,1.3704096939838664,0
44,26852,92460,478,0.0,1.4294578020440076,0
59,13007,47208,431,0.5,1.4644543122672997,0
45,46832,86024,754,1.0,-0.5615879353732794,0
33,35523,59882,647,0.5,1.9898550733375573,0
32,28325,45923,839,1.0,0.3509425048957069,0
64,26204,49165,705,0.5,1.6263804056686328,0
61,20524,87203,375,0.0,-0.5026196138317597,0
20,24282,24114,791,1.0,-0.29859673760962646,0
54,28930,84965,493,0.0,0.27402735267208544,0
24,5077,56321,461,0.0,0.15187760961393976,0
38,45345,93297,646,0.5,1.2548119434691696,0
26,25611,45426,660,1.0,-0.23212931854845434,0
56,21984,37772,386,0.0,1.1646149903103564,1
35,19060,23712,561,0.5,0.7322345071326534,0
21,22449,21367,513,1.0,-0.21339221860714852,0
42,23520,71924,561,1.0,0.6546766174823133,0
31,48303,23726,582,0.0,-0.47326504683304876,1
26,14510,47723,766,1.0,2.3502058000057215,0
43,34287,29108,679,0.0,-2.664332321074447,0
19,33173,97714,661,1.0,0.6729432044950393,0
37,44711,55643,748,0.5,-1.7645959092770471,0
45,16954,51324,740,0.0,-0.22565670321806863,0
64,12804,28927,392,0.0,-0.08560808947124605,1
24,11565,42443,723,1.0,1.507633558913684,0
61,10984,99973,441,1.0,-0.6921522120768903,0
25,26526,83449,590,0.0,1.308011915661778,0
64,42438,96743,731,1.0,-1.1788166402247968,0
52,23574,80233,348,0.5,1.346669723754866,0
31,14184,45537,601,1.0,-0.47434544190347283,0
34,24096,97576,489,0.5,0.07343451924111885,0
53,7192,42612,435,0.5,-0.33637866311040404,0
57,39016,26471,703,0.5,1.2823634741156038,0
21,16246,55631,640,0.5,1.0877398432337475,0
19,23381,51348,617,0.5,0.44350172058452486,0
23,41455,84732,662,1.0,-1.151868384586774,0
59,31727,21177,681,0.5,-0.7150218680302427,0
21,9018,24760,532,1.0,-1.0285765255061254,0
46,16302,52779,643,0.5,-2.2481428867921633,0
35,6970,41636,848,0.0,1.2613181018500463,0
43,46157,73551,828,0.5,-0.32782352634269685,0
61,32202,31556,482,0.0,-0.33849396429229733,1
51,36110,47598,340,0.5,1.4961022334255598,0
27,22586,31563,696,0.5,-0.4759886023863676,0
53,29519,66819,793,0.5,-0.8404709356859309,0
31,36273,93770,632,0.0,-0.2247456205149846,0
48,26951,46966,426,0.0,-1.1326690518768963,0
32,20374,79889,300,0.5,0.3443557692879563,0
25,10788,46987,467,1.0,-0.37366207826417036,0
31,10408,98714,318,0.5,-0.5072714105938124,0
40,30053,78348,631,0.0,-0.5939031720203022,0
57,14446,44596,755,0.5,-0.10622149384201134,0
38,5922,53174,408,0.0,0.0834811255198509,0
33,38187,84106,567,0.0,-0.5199750884075218,0
62,15789,89967,744,0.0,-0.3587659360951468,0
35,37184,79182,539,0.5,-0.08152282681934891,0
64,6120,59310,600,0.0,-0.18241813553953884,0
41,49028,76088,402,0.0,0.031075966875013874,0
43,37154,28906,549,0.5,-0.6766708032480138,0
42,22334,56914,752,0.0,1.0045929091264905,0
62,7336,65379,819,0.5,0.09682817740951716,0
58,43141,98612,452,0.0,-0.5038467528248772,0
46,7243,57650,473,1.0,0.34438421737853486,0
32,24029,66881,642,1.0,-0.07436859881871455,0
62,37265,66413,730,0.0,-1.733826354483668,0
18,42380,26012,623,1.0,0.3409526902216264,0
42,48872,70115,719,0.5,-1.0195062023841872,0
24,28710,27151,784,1.0,0.9344277832313074,0
26,34486,77716,711,0.0,-0.241749638893447,0
41,11371,56378,383,0.0,0.7800702973910638,0
18,11359,62652,412,0.5,-0.6302185531976071,0
61,45631,92430,631,0.0,0.06992926714063982,0
25,40996,33467,677,0.5,1.2102435005068763,0
41,25103,51010,340,1.0,-0.2690165464148226,0
28,19382,74691,404,1.0,-0.5908170987358049,0
34,23755,84157,501,0.5,0.6550406137817893,0
25,40659,32289,749,0.5,0.6356615967509606,0
52,8756,64976,565,0.0,-0.5487491334148188,0
52,25609,63596,509,1.0,-1.9854610204177623,0
50,21478,43171,417,0.5,-0.610022977498356,0
22,40442,64139,676,1.0,0.677359521686422,0
59,44666,68713,839,0.5,-0.775034189423724,0
56,15147,49734,383,1.0,-0.010937837016195572,0
58,38561,92588,753,0.0,-0.657484937966344,0
45,39884,83646,813,1.0,-1.9321671625260497,0
24,10779,23654,686,1.0,-0.6754811770399278,0
26,17298,38743,649,1.0,0.6731320206897123,0
25,19153,68368,595,1.0,-2.3702524800658122,0
29,48879,94172,557,1.0,0.25216735047557565,0
51,15789,26441,380,0.0,-1.1860692313994132,1
50,49165,44611,567,0.5,0.6084420694741921,0
40,17999,32149,718,1.0,0.7143189358736531,0
41,5814,79189,534,0.0,-0.17194793491127605,0
54,15541,41675,610,1.0,-0.16966815878122207,0
52,29938,91031,656,1.0,-0.8063626971363014,0
61,7443,62668,512,0.5,-1.345583400104966,0
57,15457,33673,348,1.0,1.698092906333733,0
39,15380,96666,426,0.0,-0.8650714271711278,0
44,12783,85429,522,0.0,1.5677961311964723,0
52,49241,43669,578,0.5,-0.8595000398001769,0
18,22368,54068,707,1.0,0.5251903903377283,0
52,20328,29435,804,0.0,-1.1378071596536348,0
54,31215,72249,593,1.0,0.5233950169020153,0
64,38595,57384,576,1.0,-0.3255873571531219,0
31,32306,96153,737,1.0,-0.3125161606756704,0
20,24915,95388,406,0.5,0.6100231697844505,0
18,44915,51401,719,1.0,-0.4691413650790981,0
22,42219,91831,728,0.0,-1.4281484954450976,0
43,20343,54084,674,1.0,0.7613055634094525,0
31,43727,75826,372,0.0,-1.1459005899823282,0
56,5126,56451,329,1.0,0.51651728439791,0
44,32632,27227,487,0.0,0.9729965453330005,1
26,46563,51910,663,0.0,-0.3754938863522174,0
32,49409,56041,750,1.0,1.182352844091784,0
32,25530,85681,494,1.0,0.48178370786128394,0
43,44964,85481,455,0.0,-0.6958614201447756,0
59,49327,88576,471,0.5,1.4014290022660747,0
30,8368,84174,340,1.0,-1.1416718217393904,0
49,8797,46160,362,0.5,-0.37670042990356545,0
56,18718,37633,322,1.0,-0.20631480361932888,0
49,39560,37014,659,1.0,0.6052237010182555,0
21,16053,69104,374,1.0,1.1154332973811345,0
47,27116,61621,417,1.0,1.0527915569027135,0
54,41244,97231,679,0.5,0.22374831957430621,0
40,41185,88388,589,1.0,-0.28026910446356673,0
56,6645,36014,739,0.0,-1.8259842416276302,0
62,24256,53755,306,0.0,-1.3141458544552165,0
32,40840,60390,495,0.5,1.7666554892914357,0
60,39622,43711,720,1.0,-1.8360719875025393,0
46,42430,77993,492,0.0,-0.7844906432421096,0
53,44282,94696,447,0.5,1.1446062820500897,0
30,7708,47213,501,1.0,0.20971329919736692,0
49,16694,77784,743,0.0,0.9280450710056922,0
24,14524,27421,718,0.0,0.5428283512706765,0
39,36880,37727,726,0.5,1.4695825373608864,0
45,44224,24358,778,1.0,0.2954272865648849,0
19,41980,85108,774,1.0,0.6634477291515113,0
59,37409,52117,425,0.0,-0.7242465320583404,0
62,18224,51910,694,0.0,0.5863329755781368,0
23,45738,75754,624,0.0,-0.3961260979892287,0
45,30150,82438,691,1.0,-0.45310586798071245,0
45,39393,49371,739,0.5,0.8947235146471376,0
61,48082,71501,503,0.5,0.9016233760593639,0
61,12973,80946,785,1.0,1.6884421557461313,0
37,13577,58467,330,0.5,1.623263185486201,0
47,13070,37625,687,0.0,0.9173151613587754,0
28,13666,53893,733,0.5,-1.7204456102367125,0
45,41368,96329,675,0.5,1.8276809829496963,0
42,11783,51007,643,0.5,0.9179676706663622,0
56,46914,59532,742,0.0,-0.7658600900863026,0
50,9971,74253,374,1.0,0.7289091555627822,0
18,18490,32323,454,0.0,-1.0372657409627284,1
44,6990,93379,729,1.0,0.6186301201097418,0
30,10299,34210,662,1.0,-1.3162700410740993,0
58,24956,36456,747,1.0,-0.8082184087866364,0
20,27359,51367,533,0.5,0.7099291292005268,0
56,42148,74624,561,0.5,1.0728867429928937,0
23,33734,30106,424,1.0,0.32543685943381034,0
25,9757,88008,544,1.0,-0.28616863668797066,0
44,24097,92240,841,0.5,-2.1148662950169905,0
26,15395,84315,784,0.0,-0.20902109965135976,0
54,21241,89249,421,1.0,0.5334850768245277,0
50,43356,90587,424,0.0,-0.31676510593564716,0
59,32696,30756,848,0.5,-0.022577941094418186,0
61,9944,88011,469,1.0,-0.18561746791792078,0
41,24816,56378,423,0.0,-0.3217062178214337,0
32,42011,24255,334,0.0,0.07587738995981268,1
49,29917,34484,386,0.0,-0.27269458215246056,1
49,36195,76549,500,0.5,1.4432895536319423,0
41,26566,54503,668,0.5,-2.206418848383733,0
58,14916,93794,376,0.0,-0.5458425859710776,0
29,25806,65113,358,0.0,-0.8702562235172253,0
56,14984,94069,730,0.5,0.21911060003441002,0
19,6759,25249,799,0.0,0.07714478588312636,0
20,46949,39201,408,0.0,1.6221931015494289,1
54,31838,78576,577,0.5,1.9511420482977946,0
34,7482,29686,367,0.0,-0.7730834555704812,1
19,29442,73363,368,0.0,0.0005000650336295328,0
19,38719,20661,464,0.0,0.19630441692435538,1
45,32965,64843,788,0.5,-0.797813748337336,0
40,7079,80963,604,0.0,0.6283820360376229,0
54,7717,62828,664,0.5,-0.2395073687649446,0
49,32952,68604,678,0.5,-1.0676348506009778,0
50,25908,30526,642,1.0,-0.2795683042665431,0
18,47460,88910,653,1.0,-0.9976745727406487,0
36,29861,45592,715,0.0,1.0366468294192557,0
19,12311,48982,408,0.5,1.9015592551136702,0
61,33071,20207,796,1.0,0.2448193738945395,0
43,28570,88619,640,0.0,0.11127676805327562,0
49,23449,49328,682,1.0,0.1524347668741858,0
23,38536,66479,832,1.0,1.182234028938315,0
49,43258,40103,599,0.5,1.1606990035971831,0
21,33865,59891,438,0.5,-0.11565356854823089,0
28,11645,30754,658,1.0,0.25258992737909125,0
34,43000,92982,798,1.0,0.6526464071770783,0
55,31737,75922,684,0.5,-1.137687456550734,0
41,16485,68231,579,0.0,1.2126082374204565,0
22,43565,49301,782,0.5,1.7348318912272276,0
51,30522,82711,410,1.0,1.1650321048394572,0
23,17342,61323,438,0.0,-1.245593911614555,0
39,45806,38752,734,1.0,-1.9700004554188741,0
28,18087,33395,808,0.0,0.7087186735179315,0
33,42641,76273,572,1.0,-0.7601894489620864,0
50,39249,24895,398,0.0,0.2871333541229858,1
26,15093,96559,403,0.0,1.5351487200075487,0
23,21438,30699,513,1.0,-0.65695517639841,0
33,45411,85061,464,0.0,-0.3775546564089599,0
46,31399,29715,819,0.5,0.2767229725883162,0
20,24846,39169,583,1.0,-1.2975096399822306,0
37,20708,36163,816,0.5,-0.7578561960058762,0
53,49039,25782,463,1.0,0.024857503751269192,0
36,15998,55585,363,0.0,-0.30045486881775135,0
43,35678,50682,390,0.0,0.6084077537992262,0
20,15682,67864,416,0.0,2.765979614439267,0
36,13519,75114,566,1.0,0.09913833941812458,0
37,36480,58067,439,0.5,-0.8417119460380091,0
49,24694,62685,545,0.5,1.4182403547575644,0
24,8300,38073,694,1.0,-1.5888184753202212,0
58,11722,56035,786,1.0,-1.3889081710291074,0
50,44986,84977,775,0.5,-0.5951034386477235,0
57,29160,85450,816,0.5,-0.2828867205196255,0
56,25059,30382,483,0.5,-0.6190727365172086,0
35,40822,24437,319,0.5,-0.03151232442302292,0
57,18575,90971,823,1.0,0.274741902746345,0
18,12970,84612,828,1.0,1.068959535275138,0
28,39911,81929,446,0.0,0.0911882738437822,0
45,26591,32329,603,0.5,-0.5619462476951015,0
42,36821,45169,527,0.0,1.0146453864394118,0
40,14503,54594,401,1.0,-0.8177154757301307,0
48,23922,96957,716,1.0,-1.632602745687323,0
47,17175,80631,515,0.0,1.205956017904542,0
59,46124,65033,706,0.5,1.1418532448109715,0
52,26389,83133,698,0.5,-0.7922983922041061,0
24,5822,93165,798,0.5,-0.3990988538209255,0
33,22327,93861,764,0.5,-0.9169275453299295,0
43,11150,72290,381,0.0,0.326624217565134,0
19,9425,51750,664,0.0,1.7320492913680818,0
18,21032,60461,462,1.0,0.702881798595122,0
29,7198,93800,347,0.5,1.0357246425830327,0
22,25079,98222,810,0.5,0.8197283316910118,0
54,41220,44226,628,0.5,-0.0001191485590934855,0
49,46874,26721,415,0.0,1.0833404379113156,1
26,18859,76154,636,0.5,0.7450305629127996,0
58,36419,40609,446,0.0,1.4394457151531361,0
52,13705,72130,622,0.5,-0.4595489411617563,0
36,47880,92909,742,0.5,-1.7381116395453866,0
33,28236,75249,312,1.0,1.0452510148730776,0
20,27419,68895,793,0.5,0.3497695206060582,0
37,24978,25656,586,0.5,-0.2960461003212362,0
41,42609,94520,413,1.0,-0.24015281230749122,0
50,20358,83740,779,0.0,2.5546863259021158,0
41,39177,84309,321,0.0,-0.6421946525342711,0
28,34378,49984,648,0.5,-0.8533033068263332,0
25,42334,93822,619,0.0,0.08528423349335175,0
53,16382,25901,425,0.5,1.180490877972961,0
55,19596,51552,576,1.0,2.2784019865292278,0
57,38572,51055,503,1.0,0.6573649633895711,0
37,18221,57685,493,0.5,-1.27040874397943,0
52,6279,93965,846,1.0,1.970864270717799,0
42,12083,34716,585,1.0,-0.019468699077097074,0
52,48861,31138,356,0.5,-0.8377094318949696,0
42,22771,55298,602,0.5,-1.079392457099354,0
46,34975,71112,462,1.0,0.836328719335456,0
35,24063,43429,318,0.0,0.23882938618641383,0
63,7106,70200,669,0.0,0.3450753769458505,0
35,29557,91308,563,0.5,1.286503119071931,0
19,25607,68244,412,0.5,-0.8021545915096441,0
52,42599,37347,787,0.0,1.366154628273648,0
33,33529,36920,626,1.0,-0.5191573227936902,0
58,40954,51822,841,0.0,2.1640073739123564,0
53,32856,66659,364,0.0,0.5987390159931402,0
50,7573,60108,591,0.0,-0.9202385297763772,0
21,17808,27967,324,0.0,-2.0254180833204796,1
50,40367,31871,848,0.5,0.8089247222790114,0
31,41801,97452,300,0.5,-0.37418027599018366,0
38,46196,94270,848,1.0,-0.15556569452183558,0
37,39072,53613,440,1.0,0.7661960091741071,0
25,28752,48179,487,1.0,1.0104138262506557,0
24,22685,72188,427,1.0,1.2237103406692909,0
20,46401,75099,500,0.0,-1.1748413083829365,0
34,16372,55262,426,0.5,1.4258947496245888,0
50,13996,98213,556,0.5,-0.5790453361681495,0
29,21458,38268,846,1.0,-2.2562499347482268,0
39,36889,97866,493,1.0,-1.1784403468600457,0
39,31665,80545,403,0.0,0.21802509213256502,0
63,43243,92146,834,0.0,-0.9788142460811394,0
47,36653,91966,564,1.0,-0.08804446917604382,0
55,31657,59922,683,0.5,0.3382524875291783,0
55,44952,99364,559,0.5,-0.18138540310928583,0
62,27180,62913,713,0.5,-0.49435433785671684,0
25,36896,75677,657,1.0,-1.2506960629882262,0
44,17875,69841,374,0.5,0.02194380821533224,0
44,6622,66332,654,0.0,-2.064957387584735,0
51,45809,45032,487,0.0,-0.6859980417194214,0
38,21725,57846,589,1.0,-0.927784109060761,0
47,45760,79474,344,0.0,-0.23937685150891483,0
50,20646,64936,382,1.0,-0.2133297993092693,0
45,22029,49794,422,0.5,0.9599566744337453,0
64,34402,81588,657,0.5,1.5834772772495995,0
50,9263,90984,827,0.5,-1.1177788402369702,0
22,35987,70331,365,0.0,1.9928326252700297,0
36,13646,48141,674,1.0,-0.7792955995214319,0
21,32529,29074,461,0.5,0.17252678292308982,0
52,16664,26406,679,1.0,0.5108629891483177,0
34,40737,43291,657,0.5,2.444582752582506,0
61,40796,61568,487,0.0,-0.5422823377626642,0
45,29027,66851,621,0.0,-1.7967380129780532,0
47,34373,74823,749,1.0,1.4903794701929813,0
46,41397,43312,773,0.0,-0.8333735587954348,0
63,25609,63108,312,0.0,-0.36158858057559284,0
23,40835,86918,483,1.0,-1.1177496539261753,0
52,43709,54171,410,0.5,-0.35870377304891893,0
58,24250,61779,807,0.0,-0.8403915362054409,0
54,26172,88828,589,1.0,0.6764418164947713,0
41,16555,32411,594,0.0,0.08079162972197933,1
46,26874,77009,750,0.0,-0.6810551606146789,0
63,18081,35422,514,0.0,0.9958719766589276,1
48,29063,62468,326,0.0,0.25499675067459876,0
52,11819,52371,530,1.0,-1.8460482504440554,0
50,30712,77022,620,1.0,0.9197033140843018,0
38,29762,91229,532,1.0,0.1848678838526347,0
49,16046,71196,736,0.0,1.3907324875915426,0
40,36463,46715,832,0.0,0.12391742634264473,0
50,33769,47605,702,0.0,-0.791709350567595,0
20,28150,51174,352,1.0,-0.20429533330183694,0
35,7711,29956,612,0.0,0.8039193308807204,0
42,9853,96373,580,0.5,-0.7707370597008625,0
59,34077,89252,330,0.0,-0.44029678710755854,0
48,28863,81949,636,0.5,-0.2216885799990672,0
20,26792,82646,482,0.0,-1.1493716102158729,0
57,45483,90017,322,1.0,-0.7563234246285745,0
63,13942,83037,843,0.0,0.17255019180419026,0
41,6762,26548,745,0.5,1.2024777476530082,0
49,36987,93294,373,0.5,0.3171469847104752,0
64,20850,43177,309,0.0,-0.045861259369021544,0
39,17112,44022,783,0.5,-0.8312707739523109,0
40,29058,25542,755,0.5,1.0951604117202318,0
19,43890,80428,459,1.0,0.43350549994684245,0
44,5481,42740,313,0.0,-0.7067297635192396,0
59,37921,79353,477,0.0,0.8986484586849005,0
19,45385,76532,711,0.0,0.559577061510467,0
43,6524,36052,352,0.5,-0.8135303493662359,0
34,39888,67076,707,0.0,-0.10137825626420019,0
57,20048,73420,321,0.0,-0.4927727282429369,0
50,40111,20671,329,1.0,2.633537940031605,0
26,42904,20163,559,1.0,0.5317448831256588,0
60,39008,61424,504,1.0,0.18676205484824018,0
56,5060,73744,358,0.5,0.4726630560767134,0
46,14130,90331,770,0.0,1.3791625881974978,0
59,23023,30634,765,1.0,-0.08338014443846556,0
43,18350,24798,311,1.0,-0.5899092978657563,0
52,29354,42420,589,1.0,0.8442832280974177,0
42,33145,49300,653,0.0,-0.17494456600131203,0
41,39020,30749,374,0.0,-1.0698953290805033,1
30,25587,45121,740,0.0,-1.2646864317560584,0
24,46131,57487,540,0.5,1.5292965508395333,0
53,14650,53361,453,0.5,0.13164456691928453,0
62,24933,41223,395,1.0,-0.5895673839924012,0
37,25581,92930,593,0.0,-0.23433491104206355,0
18,28393,34056,508,1.0,0.8074447180083516,0
25,28051,48380,642,0.0,-0.29340551584204505,0
63,31212,46035,387,0.0,-1.4494197291774182,0
33,9090,50620,689,0.0,0.32584085214792474,0
31,11960,39877,624,0.5,1.2083478175735631,0
29,40772,75316,456,0.5,1.1414643179722508,0
40,26520,84041,436,0.0,-0.5593299381372452,0
32,41408,73352,727,1.0,1.2691726564583794,0
45,33470,50911,751,0.0,0.21294997367162288,0
51,25491,52784,440,0.0,1.2411473438787268,0
19,6341,23191,382,1.0,0.5736870300025537,0
49,49623,53160,476,0.0,-1.5215968426326696,0
40,29791,84641,497,1.0,1.7467389375083464,0
39,5338,69723,720,0.5,0.05178385119895345,0
42,10895,23631,700,0.5,0.5767938239138171,0
39,17254,26172,770,1.0,-1.3440446284718441,0
39,16344,62080,517,0.5,0.5053265000780651,0
59,6750,40281,474,0.5,1.1029277327426599,0
23,7421,48671,322,1.0,1.9353203365984042,0
32,44887,71431,534,0.5,1.4003997947952824,0
60,10319,48602,312,0.0,0.5542247039460395,0
54,20896,71399,400,0.0,-1.5443773533483862,0
50,16918,43472,835,1.0,0.13227279049742133,0
25,30064,69230,822,0.5,-0.5925095652129303,0
61,32935,93616,751,0.0,0.2349778748162469,0
61,42641,27099,730,0.0,-1.216325832795099,0
22,34711,45431,832,0.5,-0.2101669077919015,0
56,9806,76492,592,0.5,-0.5171830838060685,0
21,46360,67684,400,0.0,-0.5481663559692463,0
23,17182,50111,801,0.0,-0.5382361859911543,0
62,27297,83936,603,1.0,-0.1358547163882445,0
49,24541,42614,839,1.0,0.286194759048022,0
47,33921,61991,654,0.0,-2.498493587871451,0
64,21774,90476,602,1.0,-2.3764328563378636,0
52,49813,80920,795,0.0,-0.33869133992187517,0
57,42198,83530,526,0.0,-0.19776904470561435,0
33,13820,56224,535,1.0,0.18911121660394065,0
30,29070,27788,754,1.0,-0.7276723548562242,0
59,9232,48082,312,0.5,0.00946519402268165,0
47,16122,96816,509,0.5,0.12652320501805506,0
36,20023,36531,696,0.5,-0.7345580968654715,0
34,13007,64857,399,0.0,1.013455821741101,0
36,22905,30142,330,1.0,0.17698631145506066,0
45,46786,68355,827,0.0,0.5469610954632903,0
43,34398,29866,628,1.0,0.06884573128385278,0
54,39268,90067,465,0.0,2.10367310306172,0
43,11737,84027,758,0.5,0.5963970691176537,0
40,41062,77906,399,0.5,-0.4879933162072253,0
26,30510,48138,472,0.5,0.8209668843684006,0
29,24426,49956,461,0.0,-1.6376049174566718,0
18,42265,96295,562,1.0,0.1196002626671043,0
18,22850,25439,573,1.0,0.3191602900919905,0
64,5614,67241,302,0.5,0.1310207620786982,0
51,26776,62533,327,0.5,-0.3337788708388873,0
49,29077,48270,625,0.5,-1.0122733568370152,0
42,14374,98815,448,0.5,-0.7893470120509625,0
57,40435,59279,839,1.0,0.10207491624738367,0
62,35907,43888,787,0.0,-1.1135192324279926,0
18,18409,37630,737,0.0,1.7701676156472728,0
33,21514,81063,364,0.0,-2.640897679343706,0
56,34866,55144,655,0.0,-0.3234378675446039,0
22,7983,72161,832,0.5,0.11038963910769706,0
39,36705,97360,551,0.5,0.5074209278332887,0
46,25662,70979,534,0.5,-0.9159247272624271,0
20,28510,26979,526,0.0,1.1342947938882124,1
29,17651,46189,824,0.5,-1.3938310438129229,0
43,45998,62600,612,0.5,-0.566128588607568,0
33,33535,79560,348,1.0,0.6207475552794239,0
54,11640,98040,417,1.0,1.0401885647927522,0
39,49547,81558,353,0.5,-1.4040012963810977,0
46,20317,26910,343,1.0,2.6450367904151584,0
31,12564,77713,352,1.0,-0.8974915631672096,0
45,32345,66857,824,0.5,-1.3121824775277826,0
22,33687,54964,401,0.5,0.502714891773257,0
64,18737,45227,697,0.5,-0.34829345358145714,0
47,14323,25978,437,0.5,-0.49605231253974436,0
63,20229,37153,686,0.0,0.5956440575697195,0
22,49481,79765,410,0.0,-1.5272956904278092,0
29,13502,59071,316,0.5,-1.7021343999747023,0
33,5545,89519,481,1.0,-0.5974233651432281,0
43,42114,29503,835,0.5,1.0779017394533252,0
43,34430,80703,840,0.5,-0.5540552934127837,0
38,14996,84379,470,1.0,1.5991566845286143,0
56,32788,77866,708,0.0,1.2010147611718904,0
53,34969,36905,677,0.5,0.2829461845074849,0
50,18919,65838,487,0.5,0.33972385937475696,0
47,8810,78279,529,0.0,0.2820026250168557,0
54,35586,46806,418,0.0,0.15971772868210007,0
40,44974,65000,455,1.0,-0.36624169747817953,0
27,46773,42168,764,0.0,-0.25018783320716287,0
22,21371,90119,403,0.0,-1.069960156592582,0
53,34629,58714,801,0.0,-2.21004278929018,0
51,13436,74093,474,1.0,1.1040706092820498,0
48,17984,75419,720,0.0,0.15725843678529833,0
27,38039,69145,433,0.0,0.006211355621786128,0
36,24895,97425,690,1.0,0.3984491228578794,0
49,23155,97811,800,0.0,-0.828397454793649,0
18,15616,22461,332,0.0,-1.001062213384433,1
22,42129,34291,354,1.0,-0.28368469367815263,0
62,44837,66804,818,0.5,1.3680984817638127,0
21,29574,96971,311,1.0,-1.1687410284931263,0
33,8430,84946,827,0.0,-2.627065356808166,0
41,17676,81332,672,0.0,-0.5214010918187526,0
33,15816,97794,783,0.0,1.142699916235183,0
19,37733,50841,527,1.0,-1.7325440243543537,0
45,25144,68758,606,0.0,-1.1802836038228717,0
49,7050,96272,756,0.0,0.2635467405781687,0
44,49460,57643,459,1.0,2.569907035475335,0
37,38933,70408,630,0.5,-1.3582116685261956,0
41,29951,63950,524,0.5,-1.396934091467959,0
29,37413,76849,803,0.0,0.33869836883918525,0
52,39801,48044,755,1.0,1.2046744399937044,0
50,37913,35997,344,0.0,-0.6240987123257102,1
50,45600,99751,513,1.0,-1.621394156122169,0
60,30280,43911,358,1.0,0.43374922088634593,0
54,29557,75533,494,0.5,0.6148413973029732,0
29,40400,34571,788,0.5,1.7786551265382484,0
20,9494,77941,456,1.0,0.6569471123242788,0
18,20152,78005,525,0.0,0.8280660763723794,0
50,28895,78712,711,0.5,-0.2621451438679057,0
57,14155,63541,504,0.0,2.441504342169468,0
27,36883,43387,378,0.5,-0.39814201058847004,0
60,48194,68908,423,0.5,-0.6119221214117702,0
61,48001,33057,770,0.0,1.8095149185186066,0
46,6828,84028,517,0.5,-1.47423727889541,0
30,46898,75731,815,0.5,-1.847408384527915,0
29,37123,44858,403,0.0,0.11955692459848473,0
48,42573,68689,692,0.5,-0.001736523275695409,0
63,5806,64638,733,0.5,-0.2278879815506622,0
19,45970,66486,630,0.5,0.9939297571216518,0
52,34757,40567,442,0.0,-0.9082061822885704,0
40,39636,49739,839,1.0,0.06416712562467415,0
34,19561,77804,577,0.0,-0.36010595263818695,0
43,29262,23754,532,1.0,-0.8912185001067509,0
25,19899,47044,828,0.5,-0.06184008396068339,0
46,20934,87260,389,1.0,0.8525958032951028,0
43,43197,86912,791,0.0,2.1205681204305016,0
27,46844,28706,498,0.0,0.5794189828989692,1
43,41332,28894,661,0.5,-2.5108350014014515,0
51,39157,38037,740,1.0,-0.038140085441648916,0
58,16593,71612,325,0.5,0.049802790902832496,0
24,45042,49725,324,0.5,0.9362090095799499,0
21,22320,25926,693,0.0,0.184810302489739,0
62,32376,29496,806,1.0,1.2530889173020765,0
28,48513,76447,600,1.0,0.39167061561527167,0
46,19199,49806,638,1.0,1.5587980694978887,0
53,20876,61321,566,1.0,-0.43874592004829344,0
42,13245,85095,760,0.5,0.1443434672966939,0
38,12214,42656,755,0.5,0.8266415353898965,0
53,5726,75147,659,0.0,-0.5721940702934435,0
27,16362,69666,367,0.5,-0.790012802081076,0
54,23297,58787,711,0.5,-0.629352099686685,0
26,35448,82946,790,0.0,-0.7492156170889224,0
41,31172,41727,348,0.0,0.5225619208753273,0
52,47874,88056,401,0.0,-1.8348080296345557,0
52,12657,23081,515,0.5,-1.555970026317907,0
53,23850,54196,737,0.5,1.8627464923572625,0
35,30425,56735,458,0.0,-0.7250967209741775,0
56,31685,99578,788,0.0,0.20001485117174814,0
49,29578,45498,541,0.0,-1.4891464178991283,0
41,33831,96865,304,0.5,0.09412426778927614,0
40,12906,51656,660,0.5,-0.719006667681404,0
49,12287,87695,758,1.0,-1.5630894981604142,0
54,38660,57900,547,0.5,1.3369204375647132,0
29,15222,67701,721,0.5,1.1825657270608714,0
30,42443,39033,314,0.5,-0.10735479071401643,0
40,39701,30805,421,0.0,0.9994190326779112,1
42,22764,55851,576,0.5,1.90329268772716,0
52,49641,46832,752,0.0,0.7540759331580894,0
58,22674,83437,689,1.0,0.4796797395099632,0
47,23024,33944,593,1.0,0.1989496964833095,0
34,28874,39873,745,0.0,0.6494973648592396,0
37,48642,60372,509,0.0,-0.36391939348963653,0
42,37284,35379,601,0.0,-0.2766358691614466,0
39,22602,56751,522,0.5,0.4508913752125149,0
30,42784,25110,302,1.0,-0.47386487015952894,0
36,28265,74341,817,0.0,-0.3657996727935024,0
53,30931,32087,392,0.5,0.0001866646349733769,0
29,33841,43762,819,1.0,1.150607550593069,0
58,34192,29596,727,0.5,-1.1326637535596475,0
36,47520,38313,792,1.0,0.7591785027052609,0
29,20585,86549,534,0.5,0.7917964128034704,0
26,30559,43705,460,1.0,0.785812009296809,0
24,45059,87364,630,1.0,-0.8067463802094889,0
45,38742,93445,632,0.5,-1.692681615510937,0
31,9133,98645,349,0.0,0.5597004724114222,0
48,19663,22023,822,1.0,0.187538784413962,0
36,26754,79796,791,0.0,1.0043766347631322,0
64,8972,84429,571,0.5,-0.7005368280095384,0
33,10295,81627,551,0.0,0.7601183762563611,0
22,46873,53848,389,0.0,1.0544121122194114,0
52,34125,57804,745,0.0,-0.09530972104935061,0
29,45996,35379,631,0.0,0.41692950326481654,0
42,14903,79664,438,0.0,0.38196645752409497,0
38,8020,47766,656,1.0,-0.8214695290296501,0
53,46755,88099,573,1.0,0.5310966022846075,0
40,25420,56060,318,1.0,1.6224983409010136,0
33,26452,89122,610,0.5,0.022203934542636587,0
56,43001,36087,453,0.0,-1.4609249386516574,1
62,14516,68868,689,1.0,-0.6872265309140099,0
59,7396,43225,559,0.5,-1.7794294488516276,0
56,23546,26643,424,1.0,1.2902611290460646,0
31,24129,56727,653,1.0,0.7641052963280948,0
48,6591,31005,572,0.0,-0.5013692716678184,1
22,16303,85697,544,0.5,-1.4180599219689365,0
52,35561,36029,749,0.0,-0.8332949582424903,0
40,11183,34226,546,0.0,-0.6382769656971474,1
46,31572,83646,819,1.0,0.10940759902005842,0
60,39080,80603,440,0.0,0.07575934319837979,0
28,25695,48731,661,0.5,1.3414319753737025,0
35,12314,88926,307,0.0,-0.6927548576980426,0
64,24623,25997,777,0.0,-1.5081878543539287,0
29,7139,75506,651,0.0,-1.156978475142292,0
26,36290,98229,794,1.0,-0.02302485444650096,0
27,23088,69815,726,0.5,-0.7286780669457907,0
61,44692,62092,338,1.0,-0.2920085455130258,0
34,38130,82539,486,1.0,-0.4540335803194438,0
55,37088,86077,392,1.0,0.9902384537051827,0
24,31292,41817,385,1.0,-0.5869656870923221,0
63,25670,57861,343,1.0,-0.3773420769478101,0
30,8738,33428,436,0.5,0.7172835811587757,0
57,7469,63934,720,0.0,-0.564981911032076,0
59,27534,30258,373,1.0,0.42321237445701776,0
26,14017,77775,847,1.0,0.3314852620217588,0
44,7808,25469,811,0.5,0.1417658589610795,0
19,17713,48854,455,0.5,-1.1343963827064898,0
22,45329,26256,554,0.0,1.229774224521937,1
46,7719,96256,470,0.5,2.220683796583114,0
54,27890,53937,469,0.0,0.008828138267394708,0
55,16700,21651,621,1.0,-1.0463548733703751,0
36,41509,70288,755,1.0,0.029102708325022607,0
25,47534,45051,454,0.0,0.9898601405859991,0
62,41766,47386,648,0.5,-0.6151876757156072,0
18,31705,95054,750,0.0,-0.12889918411818965,0
39,23787,36184,472,0.5,0.3406541364121413,0
34,31588,53787,309,1.0,1.2030478522059247,0
24,31123,41621,564,0.5,0.7754237330893744,0
42,38062,95564,737,0.0,0.8168679695322622,0
62,15177,97984,546,0.0,-0.4262685566764252,0
21,26727,79792,845,1.0,0.40191895517392295,0
53,35220,65253,798,0.5,-0.7219633271251292,0
23,14882,54051,428,0.5,0.8455260998852114,0
48,6136,69811,626,0.5,1.1512196407856137,0
36,39832,50447,703,1.0,0.5533635687726227,0
61,36966,50254,658,0.5,-0.3674105867948155,0
56,12009,77418,316,0.0,-0.20372712804159823,0
44,17987,34472,573,0.5,1.8065162106620096,0
27,42311,23471,415,1.0,-0.35071044462349615,0
43,36575,28329,390,0.5,1.0499941674505682,0
36,6007,54865,381,0.5,0.3388915982185217,0
56,10445,66850,623,0.0,-0.3341364484598427,0
20,15706,74220,413,0.5,-1.3446490274694252,0
62,49486,26397,357,0.0,0.21160038058850683,1
30,34257,55525,453,0.0,0.09110086660612234,0
45,26736,73072,703,1.0,1.8065346714593336,0
37,47207,43284,565,0.0,-0.8601926954224983,0
45,18281,81330,614,0.0,2.2947685915477845,0
25,6435,45122,340,1.0,0.3788105294965933,0
58,38339,90553,404,0.0,0.3778292212221578,0
56,40150,82812,492,1.0,-0.5930721344322301,0
18,30821,27999,700,0.5,0.31470630755446866,0
20,31660,42436,577,1.0,0.4730509282332128,0
30,10084,62963,653,0.0,0.9373272918208769,0
45,21661,22096,555,1.0,-0.978322207591943,0
42,18507,45279,398,0.0,1.4067808557880386,0
50,12059,46201,581,0.5,0.36141552377197955,0
55,23271,39715,702,1.0,0.6082288953073121,0
23,12491,49309,408,0.5,-0.22094226150476054,0
61,19859,35078,498,0.0,-0.9281426382790505,1
62,13073,76614,602,0.0,0.07272462740328739,0
49,14077,25105,626,0.5,0.18729554982321833,0
62,25953,22839,453,1.0,-1.3854282681144907,0
64,16383,88920,704,1.0,0.7932854051651251,0
38,7353,63619,761,0.0,0.9965246338965807,0
33,28821,62821,431,0.5,-0.7296646238211267,0
38,42567,33493,383,0.5,-1.0225853502720914,0
28,29860,37069,698,1.0,-0.302961376874301,0
54,26195,27531,408,1.0,0.023895096986299567,0
53,16939,57051,520,1.0,-0.2641710099153342,0
52,30338,27736,667,0.5,-0.060917832770783234,0
36,26730,27710,446,1.0,0.2214776976759162,0
37,26427,87155,411,1.0,-1.368268938725629,0
35,40196,33975,793,0.0,-1.253295627303265,0
64,32083,82424,804,1.0,-2.7222777409231447,0
58,26510,65603,774,1.0,0.9425452284534718,0
31,49064,43252,570,0.5,0.015227020617449225,0
32,12813,21431,720,0.5,1.0478511314651566,0
48,36598,94603,666,0.0,-1.1377379958113922,0
18,32570,57481,579,1.0,0.024407339533162126,0
20,32082,29557,582,0.0,0.21482650611660128,1
33,34241,94971,339,0.5,-0.561782494830015,0
40,35678,20162,488,0.0,-1.5534277984667928,1
28,49569,54742,463,0.5,1.745871336135157,0
29,16745,39675,835,0.0,1.399283341270051,0
27,31029,93997,835,0.0,-0.38193227172536476,0
49,18025,37015,303,1.0,0.5102276451696075,0
33,41124,70057,589,0.0,-0.4847906763568931,0
25,19288,52591,732,1.0,-0.9954036030247475,0
55,28650,29833,770,1.0,1.8272615049570138,0
29,11540,27896,480,1.0,-1.6553688814058016,0
41,37232,52972,547,1.0,-0.2855036969711149,0
45,21422,69733,578,0.0,0.08432382724223389,0
25,8342,61800,553,0.5,1.6512365786872862,0
45,46846,25347,480,0.5,0.8965886542360184,0
53,40612,79063,808,0.5,-1.6722497745673186,0
43,15396,22643,625,0.0,-0.0027502410341822625,0
25,22482,60785,656,1.0,0.021060198364359507,0
45,28411,38681,690,0.5,-0.2283383352994422,0
45,18261,70026,384,0.0,0.6198091075303009,0
54,8093,35892,616,1.0,-1.4091069277559771,0
58,16722,67299,511,0.5,-0.40863591253667014,0
53,27042,37073,814,1.0,0.4788187482130753,0
44,49413,50682,683,0.5,0.6795756851606412,0
34,33087,34289,641,0.5,0.1494194735091969,0
26,37347,27927,337,0.5,-0.28839220030029905,0
50,38756,68330,810,1.0,-0.11994127362647256,0
37,44214,86707,719,0.0,0.7404071223772372,0
30,21335,97454,468,1.0,0.03390078412545998,0
45,33602,85428,642,0.5,-1.0418475454405287,0
46,39450,70601,605,1.0,-1.2334975839449034,0
30,37196,97465,841,0.0,-1.4896374214361092,0
63,10626,22539,836,1.0,1.4555808184893537,0
52,12424,42669,411,0.0,0.8074618356124449,0
23,17857,90968,710,0.0,-0.10648788318054717,0
35,49923,40644,505,1.0,-0.45379248516408377,0
22,24982,38745,484,0.5,-0.5739300079673577,0
64,16425,48228,681,0.0,1.0932371075822098,0
42,6980,54521,795,1.0,1.9044335081747408,0
19,31431,46928,678,0.0,-0.6053929239275391,0
27,24440,38322,346,0.5,1.1384155206557094,0
47,46752,77714,827,1.0,0.028012915358889258,0
62,22175,82292,803,1.0,-0.21242892991046652,0
22,31385,49055,321,1.0,1.5042142828299232,0
50,43158,62891,512,0.5,-0.01016572074277691,0
18,28019,26588,609,0.0,0.2963644392546358,0
35,23639,26304,571,1.0,0.2482739329114458,0
49,24994,27345,501,0.0,-1.6255993666594517,1
64,39375,49300,331,0.0,0.2884111487160616,0
28,26563,44259,742,0.5,-0.5626920244402328,0
38,44341,35352,461,1.0,-1.4211531401456212,0
43,10776,53365,553,0.0,-0.5171370804487624,0
42,41444,39446,820,1.0,-0.5253888696369459,0
39,8380,22336,779,1.0,1.029882539130331,0
44,13711,82032,309,0.5,-1.0637896161020317,0
30,13782,95415,804,1.0,-0.7898474390492546,0
50,22434,27521,735,1.0,0.23538826054801248,0
51,25017,91707,410,0.0,-1.3257937713542476,0
58,35707,43481,452,0.5,-0.6590067582323337,0
52,44110,38474,401,1.0,-1.6644767353332222,0
18,22343,66760,490,0.0,0.9200114600053961,0
38,43827,75718,380,0.5,-0.30136312044018576,0
23,46652,64629,788,0.5,-0.015917845002242307,0
45,10655,65232,387,0.0,0.9160103197910902,0
34,49859,87169,493,0.0,-0.7222688836538869,0
22,20251,70669,403,0.0,-0.3119870086480041,0
48,5526,98021,395,0.0,-1.0563279993057415,0
22,8224,89184,722,0.0,-1.0585037209958124,0
55,16536,67945,497,1.0,-0.9205828940058789,0
20,33541,33140,300,1.0,-0.4924903908336654,0
40,18547,34357,706,0.5,-0.38479553417306533,0
54,39531,88673,677,1.0,0.2886321508983798,0
54,13712,85633,466,1.0,-0.8912169480418995,0
27,43565,96943,808,1.0,0.31963267591747646,0
27,14208,98258,612,0.0,0.48500129152322796,0
36,10109,32924,717,0.5,-0.4678221828322661,0
34,40201,89286,776,0.5,-0.8047245724183811,0
38,21967,94071,372,0.5,0.08507903197998995,0
31,34759,77326,440,0.5,-0.2029174630104449,0
26,25172,50651,561,1.0,0.22035182927354544,0
63,41935,90202,639,1.0,1.569866436259967,0
18,31589,68777,607,0.0,0.06863704842771541,0
62,35015,36994,544,0.5,-0.639230561280132,0
30,34009,87263,814,1.0,-0.8908896119420586,0
21,22773,79634,636,1.0,-0.8522016313215837,0
18,46125,30800,375,0.0,-1.4627663071111208,1
57,31143,57823,474,0.0,0.9327436083455788,0
49,11154,83878,408,0.0,-2.2332788193557644,0
51,26804,38708,482,1.0,0.4881048177193057,0
45,46688,32819,491,1.0,-0.8680639066752307,0
48,25581,94905,364,0.0,-0.5124052146241178,0
25,35087,83870,773,0.5,-0.8979876415443887,0
56,37981,29283,399,0.0,1.4458646596420308,1
43,8762,50573,843,0.0,0.01631560168577677,0
51,14768,98707,427,0.0,0.7903785250428523,0
20,48408,50933,751,0.0,1.3005268585960061,0
29,44499,25774,668,1.0,0.1634054740224038,0
18,43559,92055,342,0.5,-1.1956237708552124,0
61,13783,30983,718,0.0,-0.22064275011577214,0
22,34781,38133,787,0.5,-0.7422480135662024,0
47,35811,34939,377,0.5,-0.503504161887299,0
47,40488,20781,569,0.5,-0.0946237926492889,0
34,13905,76700,614,0.0,-0.13415564209226424,0
64,14127,47624,467,1.0,0.4121091610202864,0
40,27431,26823,638,0.0,0.5573042937804867,0
32,11368,38489,492,0.5,-0.13414517626645758,0
54,32424,59961,752,0.5,0.40346891810791735,0
38,23333,49118,582,1.0,-0.5493598549354416,0
31,28116,42263,635,0.0,1.3147798255965035,0
19,48201,33565,689,0.5,-0.5655112882176463,0
28,20525,40354,824,1.0,1.197186484622428,0
56,28398,62951,539,0.5,-1.4760670917717218,0
55,37857,43648,782,1.0,-0.38040725741084613,0
51,15361,70729,757,1.0,-0.3309781736136056,0
55,21369,61971,388,0.0,0.27899179474847396,0
51,8041,38658,394,0.5,0.8618168032188236,0
35,5105,41253,751,0.0,-1.249395203059528,0
47,14078,84166,727,0.5,-1.1079830420429075,0
32,30003,68563,450,0.0,-1.4019080677162379,0
44,11090,46390,813,0.5,1.3201841971984174,0
51,43850,71578,675,0.0,0.29760494279712235,0
55,6925,99025,321,1.0,-1.0843712084571229,0
50,23440,52658,612,0.5,-0.44309487395607067,0
41,44685,26852,818,0.5,1.1817613956614945,0
32,31015,22551,505,1.0,-0.2781192303112381,0
47,38320,91947,674,0.0,-0.3371881377911729,0
59,30291,81001,750,0.5,-0.7812967068230585,0
34,41679,69159,478,0.5,-1.0249923138187629,0
22,31289,71707,509,0.0,1.1833238104431567,0
46,8389,53243,799,1.0,1.6739015887420603,0
21,30683,41800,763,0.0,-0.9851944027873477,0
27,18629,95939,423,0.0,1.4049423292181198,0
34,29826,77828,412,0.0,-0.4873894162901053,0
27,40198,27239,311,0.5,0.5336479953688871,0
34,31630,26710,425,1.0,1.410213804814408,0
37,38226,41384,630,1.0,-0.14507659570363216,0
41,37975,41038,582,0.0,-0.3279419202673591,0
22,5899,60846,439,0.5,0.8010809637881857,0
51,16653,87821,700,0.0,-1.109952837036249,0
23,32961,57991,396,0.5,1.1470613778404304,0
19,21405,99057,816,0.5,0.14280939244258323,0
30,13601,26971,368,0.5,-0.5777505081541768,0
60,38662,49139,417,0.5,-0.6041676033158545,0
60,38282,97067,358,1.0,-1.3834625118283659,0
28,26288,57711,332,0.5,-0.5361721666239897,0
64,34545,26530,617,0.5,-0.26403776199440115,0
40,41877,31116,349,0.0,-1.0612935317114818,1
33,20313,85794,788,0.0,-0.04546497612900444,0
48,20349,20282,318,1.0,0.47291708452549563,0
28,12179,99473,496,0.0,-0.21347213599941883,0
33,15326,21898,749,0.5,0.6627258265192667,0
25,49555,24135,751,0.0,-0.8071399829793362,0
21,6560,26629,588,1.0,1.0033827642199402,0
57,18612,85031,440,0.0,0.12181470577485806,0
21,22650,53380,383,0.0,1.5452571697547433,0
42,31745,37071,690,1.0,2.414217312238733,0
20,36890,40074,514,1.0,-0.4702435923032813,0
49,25022,87843,825,0.5,-0.429063876901458,0
20,9780,59901,514,0.0,-0.24624212194871742,0
44,23311,31205,702,0.5,0.5957022501755148,0
46,33380,75661,427,0.0,1.32596997047509,0
49,49662,25906,776,0.0,-0.6528084841698033,0
36,7356,22591,703,0.5,0.38124426647807275,0
38,9790,82987,328,0.0,-0.13592728985576719,0
22,31911,83370,637,0.0,0.6181091025405885,0
35,29363,74400,660,0.0,1.5094576934076902,0
45,25049,45150,691,1.0,-0.24032823743301487,0
59,15181,51852,517,0.5,-1.6698676666737307,0
39,44825,62870,501,1.0,0.7439016768802931,0
38,21082,72756,316,0.5,-0.8327052186054525,0
23,5661,76481,621,0.5,-0.14311573696377775,0
18,42412,21283,817,0.0,0.7870308368716137,0
22,7920,53691,624,0.5,0.297394853531108,0
58,30658,21125,711,1.0,-0.10172002555304499,0
29,19025,87065,617,1.0,-0.575881712458321,0
43,13946,46170,381,1.0,-2.899893780274999,0
63,33706,28438,773,0.5,0.6983208157562021,0
51,44004,40095,767,1.0,-0.25295169922576405,0
31,21309,36154,724,0.5,1.5133362783557256,0
43,38120,28004,503,1.0,0.3980280299618697,0
62,35027,29752,686,1.0,-0.5411253725348428,0
44,12005,75426,397,0.5,1.0668700883760402,0
26,5956,46819,644,1.0,1.1511294059581902,0
43,39839,44217,507,0.0,-0.21903181435247787,0
64,13595,52994,813,0.5,1.1936448655732277,0
39,17803,35036,465,0.5,-0.5553080553860471,0
64,30963,97275,321,0.5,0.15964776940790298,0
47,41221,69416,453,0.0,0.5714083877187804,0
60,44443,29587,738,0.5,0.7847815840141892,0
34,38723,20645,594,1.0,0.62152184861589,0
43,44063,50930,518,1.0,-0.3326571805631725,0
53,20282,50090,794,1.0,1.0936976406914414,0
18,9703,72142,529,0.5,-0.12442732310641852,0
25,11563,46475,319,1.0,-0.5690273622751935,0
52,30849,38888,447,0.5,-0.554337967313331,0
32,36860,63732,407,1.0,1.939988391476335,0
64,36585,66305,702,0.0,-0.7419834280919447,0
39,27015,66037,782,0.0,1.2916352267604467,0
31,17003,29346,666,0.0,-1.1354666958101698,0
43,48585,20587,713,0.0,0.4879054450741863,0
45,31958,32763,608,0.5,0.297083451490835,0
40,31017,79165,433,1.0,1.621226879726228,0
31,16171,89615,582,0.0,-0.6544018951685149,0
41,17201,56116,372,0.5,-0.930664217960387,0
19,34426,45556,780,0.0,-0.1165103783469821,0
62,22778,79042,651,0.0,1.6648018292404523,0
43,47229,38099,625,0.5,-0.8841584799437681,0
31,26116,65096,742,0.5,-2.5884166322041997,0
24,38297,91986,399,1.0,0.05976783737328261,0
20,24342,33230,358,1.0,0.9495229179610088,0
64,32490,49009,807,0.0,-1.013805932639863,0
40,24975,90969,557,0.0,0.847932173353264,0
63,31723,53866,712,1.0,-1.0359109850124564,0
60,28279,96975,751,1.0,-0.14655853569167893,0
64,17765,61855,364,0.5,0.7526823152860572,0
62,16561,26416,453,1.0,-1.1874654017384385,0
35,46899,92516,565,1.0,0.18151333150755436,0
55,5525,75915,378,0.0,1.214973511292237,0
52,27861,38058,614,1.0,0.4739340992113509,0
32,38142,96637,547,0.0,-0.7206260575907678,0
42,31916,60718,713,1.0,1.5187183527167938,0
54,49965,52602,324,0.5,0.6583925119224902,0
45,9648,94658,583,1.0,-1.8604479999243069,0
27,40133,98112,748,1.0,0.8642436147342264,0
56,35523,78067,600,1.0,-0.5713742524172769,0
34,34052,47516,367,0.0,0.19656354764246445,0
56,39414,21089,306,0.5,1.0080040042932596,0
39,37781,57346,436,1.0,-0.5496045846648339,0
43,9599,94663,463,0.0,-1.645592614041814,0
61,40046,30487,382,0.5,1.5055451919058283,0
42,40923,20155,719,0.0,1.1645834712019478,0
34,46089,87494,372,0.0,-0.08725601318294572,0
30,8814,96229,536,0.5,0.8534214514921151,0
37,40984,58547,345,1.0,-0.3693867320636845,0
42,31616,48795,561,0.0,0.09697017676084972,0
21,7113,75296,475,0.0,-0.14428794263673994,0
27,48006,41447,465,1.0,-0.32894408535730224,0
20,18760,56598,669,1.0,0.3593025800857549,0
58,26927,61814,353,0.5,-1.2081788236455882,0
62,25939,95330,718,0.5,-0.2515808307655791,0
35,37419,83278,806,0.5,0.3144794724834049,0
64,17588,75077,640,1.0,1.8381007079616358,0
53,41142,91906,426,0.0,-1.167534215312696,0
64,44198,29528,708,0.0,0.5205530577324272,0
39,49738,70100,666,0.5,0.6301487764278614,0
51,38397,28179,570,1.0,-1.8767187306827366,0
64,21653,68781,678,0.0,0.4105320144092518,0
25,15831,75267,372,0.5,0.8802850789837808,0
57,10724,43952,547,0.0,0.5886526793824348,0
61,16083,73798,342,0.0,-0.08392725487267538,0
36,24816,70939,676,1.0,0.3332400365224288,0
59,47240,49516,340,1.0,0.16984469724903012,0
58,11276,76526,469,0.0,-1.6894573383151947,0
54,43663,30449,511,0.5,0.19332032475446598,0
23,18994,70290,792,1.0,-0.3670704059816724,0
43,28499,92954,338,0.0,-0.7048221709979829,0
51,28040,42746,668,1.0,2.484969953586654,0
62,48320,87990,450,1.0,1.2526157196195573,0
23,21959,78810,410,1.0,-1.1501720603143877,0
54,11099,35223,779,0.0,0.346636196565839,0
50,47267,92237,735,0.5,1.4580252755643248,0
39,24576,22597,346,0.5,-1.4961991540760018,0
38,40946,85677,665,0.5,0.07698314140715402,0
23,11116,22659,368,1.0,0.12407272571949352,0
23,20563,94567,598,0.0,-1.2744928824990227,0
21,31788,35037,595,1.0,0.37955030461222966,0
47,31928,66738,502,0.5,1.1162463905181252,0
28,41336,91678,360,0.5,1.5080475914191533,0
47,14847,32109,613,0.0,-0.24936410162594572,0
48,31155,42010,460,1.0,2.501645035135113,0
41,19135,28787,630,0.5,-2.057966753396755,0
26,22774,28472,827,0.0,0.3562167098144623,0
20,6742,43383,637,1.0,-1.4122943199298554,0
48,23309,81709,603,1.0,0.09018263749689953,0
57,5619,89785,802,0.5,-0.5219067501050294,0
54,22658,54518,637,0.5,0.5068774563905613,0
53,39707,73909,849,1.0,-0.1268807141021942,0
41,25337,38351,574,1.0,-0.8259841780265164,0
48,21001,89624,463,0.5,-0.7602909475639799,0
23,5968,73330,742,1.0,1.9324594974495528,0
19,30892,35282,618,0.5,0.443523738462415,0
37,30619,41778,803,1.0,-1.702128706538388,0
45,5281,44264,686,0.5,0.5507877351167638,0
28,32420,79675,793,0.0,-0.1946766623579972,0
21,20360,25075,789,0.5,0.004601087097138987,0
32,44030,95948,372,0.5,0.819888153981797,0
23,6058,68454,808,0.0,1.183227173712846,0
47,25677,48365,689,1.0,-0.858812727920689,0
55,15724,92766,594,0.0,-0.02974165415538386,0
19,33404,68200,668,0.5,-0.5461110027385696,0
32,42946,31002,848,1.0,0.5968621810742627,0
28,44748,33947,486,0.0,-0.2323044937361695,1
25,34856,99222,744,1.0,0.02925147970187543,0
43,14200,98610,662,1.0,-0.2702767610101646,0
62,38997,72142,422,0.0,-0.10611951556933184,0
61,30611,76307,487,1.0,1.7046510059281352,0
22,46235,24493,719,0.0,2.390766164767724,0
23,40057,70085,551,0.5,0.3770920937424761,0
43,6239,54228,848,1.0,-0.09996977981690322,0
21,43138,99676,634,0.5,-1.595636760889683,0
36,5125,71875,391,0.5,-0.7604181998113736,0
37,28857,51655,829,1.0,-0.12673603578590625,0
50,20398,63472,362,0.0,-0.7150632206374263,0
37,11638,69437,811,1.0,-0.6099007628719224,0
29,11570,69416,438,0.5,1.5753894740561654,0
64,8249,79711,484,0.5,0.02879081373848167,0
18,14110,26816,504,0.0,0.11821199140193689,1
43,45363,97175,513,1.0,-0.6741905603382268,0
31,18605,84307,555,0.5,1.177544724769586,0
55,17115,66733,434,0.5,-0.21257862798856803,0
54,44062,31240,387,0.5,-0.5208636651508562,0
28,27911,91363,506,0.0,-1.5807508173094416,0
53,43525,52762,428,0.5,-0.06110191375136612,0
30,37556,28259,302,0.5,-0.5520580017774016,0
60,17595,70139,420,1.0,1.6845797460168992,0
20,6969,34849,684,1.0,1.8438986920019504,0
50,48753,74869,337,0.5,-1.2352804947662746,0
23,22275,83095,640,0.5,-1.1221532378809973,0
27,9470,90910,320,1.0,-0.2763196351264478,0
22,15225,43567,541,0.0,-0.8160378953942717,0
40,47324,55292,754,0.0,0.21741657568671346,0
27,46974,94813,602,0.0,-0.32662348908556743,0
61,47759,71631,368,0.0,0.28053234055525844,0
19,28196,29885,428,0.0,1.0160935216469669,1
